season,team,sequence_length,sequence
1990,Brisbane Bears,22,WLLLLLWLLLLLLLWLLLWLLL
1990,Carlton,22,LLWLLWWWWLLWWWLWLWLWLL
1990,Collingwood,22,LWWWWLLWWWWWWWWWLWLLWW
1990,Essendon,22,WWLWLWLWWWWWWWWLWWWLWW
1990,Fitzroy,22,LWLLLLWLLWLWLLLWLWLLLW
1990,Footscray,22,LWLLWWWLWLWLWWWLWLWLLW
1990,Geelong,22,LLWWWWLLLWWLLLWLLLLWLL
1990,Hawthorn,22,WLWWWLWLWLWLLWLWWWWWWL
1990,Melbourne,22,WWWWWLWWLLWWLLLWWWWWWW
1990,North Melbourne,22,LWWLLLLLLWWLWWWWWLWWWL
1990,Richmond,22,LLLLWLWLWWLWLWLLLLLLLW
1990,St Kilda,22,WWLWLWLWLWLLWLLLWLLWLL
1990,Sydney,22,WLLLLWLWLLLLLLLLLLLWWL
1990,West Coast,22,WLWWWWLWWLLWWLWWWWWLWW
1991,Adelaide,24,WLWLLWLBLWLWWWLLWLWLLLBW
1991,Brisbane Bears,24,BLLLLLLLLLWLLLBWLWLLLLLL
1991,Carlton,24,BWWLLWLLWBLWLWWLLLLWLLLL
1991,Collingwood,24,WLWDWLBLLLLLWWWWLWWWWBWL
1991,Essendon,24,BWWWWWWLLWWBLWLLLWLWWWLL
1991,Fitzroy,24,BLLLLLLLLWBLLLLLLLLWLWLW
1991,Footscray,24,LBLWWLWLWLWDLLWLBLWLWLLW
1991,Geelong,24,BWWWWLLLWLWWWBWWWWWLLWWW
1991,Hawthorn,24,LWWBLWLWWWLLWWWWWWBWWLWW
1991,Melbourne,24,LWLWWWWWBLLLLLWLWWWWLWWB
1991,North Melbourne,24,BWLLLWWWWWWLBWLWWLWLWLLL
1991,Richmond,24,LLLLWBLWLWLWLLLLWLLLBWLW
1991,St Kilda,24,WLWDBLWWWLWWWWLWLLLBWWWW
1991,Sydney,24,BLLWLLWWLLLDWLLBLWWLLLWL
1991,West Coast,24,WWBWWWWWWWWWWLWWWBLWWWWL
1992,Adelaide,24,LBWLWWLLLLWWLLWLBLWWWWWL
1992,Brisbane Bears,24,LLWBDLLLLLLWLLLLLWBLLLWL
1992,Carlton,24,WWBWLWLWLWWLWLLWWBWWWWLL
1992,Collingwood,24,BWWWWLWLWWLLWWBWWWWLLWWW
1992,Essendon,24,LLWLWWBLLLWWWWLWWWLLWBWL
1992,Fitzroy,24,BWLWLLWWWBWLLWLWLLLLLLWL
1992,Footscray,24,WWLWWBWLWWWWWLLWWLWWBLWW
1992,Geelong,24,LLWWBWWWWLWWWWWLWWLBWWLW
1992,Hawthorn,24,WLWLLWWBWWLLWLWWLWLWWWBW
1992,Melbourne,24,BWLLLLDLLWLLLBWLLWWWLWLL
1992,North Melbourne,24,BWLLLWLWLLLLLWLBWLLLWLLW
1992,Richmond,24,BLLWLLLLWLWLBLWLLLLLLLLW
1992,St Kilda,24,WLLWWLWWBWLWWWWLLWWWLLWB
1992,Sydney,24,BWLLWLDWLLLBLLLLLLLLLLLL
1992,West Coast,24,BLWLDWLWWWBWLWWWWLWWWWLW
1993,Adelaide,22,WWBWLLLWLWWLWWWWLBLWLW
1993,Brisbane Bears,22,LLWLLWLWBLLLLLLLWLLBLL
1993,Carlton,22,LDWBWLWLLWWWBWWWLWWLWW
1993,Collingwood,22,WWWLBWWWLLLWLWWWLLWBLL
1993,Essendon,22,LDLWLWBWWWWLWWLWWWWWLB
1993,Fitzroy,22,WBLLWLWWWLLLLWLLBLWWWW
1993,Footscray,22,LWWBWLLWWLLWWLWLLWBLWW
1993,Geelong,22,WLLWWLLWWBLWLWLLWWWBWW
1993,Hawthorn,22,WWLLBWWLWWLWWBWWWLLLWW
1993,Melbourne,22,LLLLWWLBWLWWLWWLWWBLWL
1993,North Melbourne,22,WLWWWWWLWWBWLLWWLLBWWL
1993,Richmond,22,LWLBLLWLLWWBLLLLLLLLLL
1993,St Kilda,22,LWWWLBLLLLWLWLLWWWLWBW
1993,Sydney,22,BLLLLLLLLLLLWLLBLLLLLL
1993,West Coast,22,WLWWBWWLLWWLWLBLWWWWLL
1994,Adelaide,24,WLWWLWBLLWLLWDLLWLLLWBWL
1994,Brisbane Bears,24,WLLWLLLLBWWLWWLWLWWLLLLB
1994,Carlton,24,LLWWBWLWLWWWWWWWWLWBLWWL
1994,Collingwood,24,WWWBLLLWLWWLWLWWLLBWWWLL
1994,Essendon,24,WLLLWBLWWWWLLWWLWLLLBWLW
1994,Fitzroy,24,LWWLWBLLLLLBWLLLLLLWLLLL
1994,Footscray,24,WLLLWBWWLLLWWWBLWWLWWWWL
1994,Geelong,24,LWLLWBWWWLLWBLLWLWWWWLWW
1994,Hawthorn,24,WLLLWBWWWLWWLBWWLLLWWLWW
1994,Melbourne,24,WWBWWWLLLWLLLLWLWBWWLWLW
1994,North Melbourne,24,BWWWLLWWWLWWLLLBWWWLLLWW
1994,Richmond,24,LWLLWBWLLBLWWWWWWLWWLWLL
1994,St Kilda,24,LLWLLBWLWLBLLDLLLWLLLWWW
1994,Sydney,24,LBLWLLLLWLLLLLLLBWLLWLLL
1994,West Coast,24,LWWWLWWBWWWWLWWWLWWLWLBW
1995,Adelaide,22,LLWWLWLLWLWWLLLWLWLLWL
1995,Brisbane Bears,22,LWWLLLLWLLWLLLLWWWLWWW
1995,Carlton,22,WWWWWWWLLWWWWWWWWWWWWW
1995,Collingwood,22,LLLDLLWWLWWDWLWLLWLWLL
1995,Essendon,22,WWWDWWLWWLLWLWDWWWWWLL
1995,Fitzroy,22,LLLLLWLWLLLLLLLLLLLLLL
1995,Footscray,22,WWLWWLLLLLLDWWWWWLWLWL
1995,Fremantle,22,LLWWLWLLWWLLLLLLLWLWWL
1995,Geelong,22,WWWLWWLWWWWLWWLWWLWWLW
1995,Hawthorn,22,WLLWWLWLLLWLWLWLLLLLLL
1995,Melbourne,22,LLLLLLWWWWLWWWWLWLLLLL
1995,North Melbourne,22,WWLLLWWWLWWWWWLLLWWLWW
1995,Richmond,22,WWWWWWWLWWWWLLDWLWLLWW
1995,St Kilda,22,LLLLLLWLWLLLLWWLWLWLWW
1995,Sydney,22,LLLWWLLWLLLLWLWLLLWWLW
1995,West Coast,22,WWWLWLWLWWLWLWLWWLWWLW
1996,Adelaide,22,WWWWLLWWLLLLLWLLWLLLLL
1996,Brisbane Bears,22,WWLWWWWWLDLWLLWWWWWWWL
1996,Carlton,22,WWLWWWWLWWWWLLWLWWLLWW
1996,Collingwood,22,LWLWWWLLLLLLLLWWWLLLWW
1996,Essendon,22,WLWLLDWWWWWLWWLWLLWWWW
1996,Fitzroy,22,LLLLLLLWLLLLLLLLLLLLLL
1996,Footscray,22,LLWDLLLLWLLLLLWLLWLWLL
1996,Fremantle,22,LWWLWLLLWLLLLLLLWLWLLW
1996,Geelong,22,WWLWWLLWWDWWWLLWLWWLWL
1996,Hawthorn,22,WLLDLLLWLWWWLWWWLLWLWW
1996,Melbourne,22,LLWLLLLLLWWLWWLLLLWWLL
1996,North Melbourne,22,WWWLWWLWWWLWWWLWWWLWLW
1996,Richmond,22,LWWLLWWLLLWWWLWLWLLWWL
1996,St Kilda,22,LLLWWWWLLLLLWWLLWWWLLW
1996,Sydney,22,LLWWWDWLWWWWWWWWLWWWLW
1996,West Coast,22,WLLLLWWWWWWWWWWWLWLWWL
1997,Adelaide,22,WLLLWLWWWWWLLWWLWWWLWL
1997,Brisbane Lions,22,LWLWLLLLWWLWWWWWLWLDLL
1997,Carlton,22,LLWWLLWWWLWLWLLWLLWLWL
1997,Collingwood,22,WWLLWWWWLLLLLLWLWLLWLW
1997,Essendon,22,WWWLLWLLLLLLWWLLLLWLWW
1997,Fremantle,22,WWLLWLWWLLLWLWLWWLWLLL
1997,Geelong,22,LWLWWWWWLWLLWWWWLWLWWW
1997,Hawthorn,22,WLWLWLLLLWWWWWLLLLLLLL
1997,Melbourne,22,WLLLLLLLLWLLLLWLLLLLLW
1997,North Melbourne,22,LWLLWWLWLWWWLLLWWWWLWL
1997,Port Adelaide,22,LLWWWWLLWWLWWLLWWLLDLL
1997,Richmond,22,WWLWLLLWLLWLLLWLLWLWWW
1997,St Kilda,22,LLWLLWWWWLWWLWLWWWWWWW
1997,Sydney,22,LLWWLWLLWLWWWLWWWWLWLL
1997,West Coast,22,WLWWWLWLWLLWLLWLWWWWLW
1997,Western Bulldogs,22,LWWWLWWLWWWLWWLLLLWWWW
1998,Adelaide,22,LWLLWLWLWWLWWWWLLWWWLW
1998,Brisbane Lions,22,LLLLLWWLLLLDWWLLLLLLLW
1998,Carlton,22,WLLLLLLLLWLWLWLWWLLWWW
1998,Collingwood,22,WLLWWWLLLWLLLLWWLLLLLL
1998,Essendon,22,LWWLLLLWWWWLLLWWWWWWLL
1998,Fremantle,22,WLLWWLLLWLWLWLLLWLLLLL
1998,Geelong,22,LWLLLWWWLWWWLLLLLLWLLW
1998,Hawthorn,22,LLLLWLWLLLLLWLLLLWWWWW
1998,Melbourne,22,LWWWWWLWLLWLLWLWLWWWWW
1998,North Melbourne,22,WLWWLWLWWLWLLWWWWWWWWW
1998,Port Adelaide,22,LWLWLWWLWLLDWWLLWLLLWL
1998,Richmond,22,WLWLWLWWLWLWLWWLWLWLWL
1998,St Kilda,22,WLWWWWLWLWWWWWLWLLLLWL
1998,Sydney,22,WWWWWLWLWLLLWLWWWWWLLW
1998,West Coast,22,LWWLLLLWWWWWWLWLWWLWLL
1998,Western Bulldogs,22,WWWWLWWWWLWWLLWWLWLWWL
1999,Adelaide,22,LWWLWWLLLLLWLWLLWWLLLL
1999,Brisbane Lions,22,WLLWWWWLWLWLWLWWWWWWWW
1999,Carlton,22,LWWWLLWLWWLLLWWLWWWLWL
1999,Collingwood,22,LLLLLLLWLLLLWLLWLLWLLL
1999,Essendon,22,WWWLWWLLWWWWWWLWWWWWWW
1999,Fremantle,22,LLLLLLWLLWWLLLWWLLLLLL
1999,Geelong,22,WWWWWLLLLLLLLLWLLWWWLW
1999,Hawthorn,22,WLWLLWLLLWDWLLLLLWWWWW
1999,Kangaroos,22,LLWLWWWWWWWWWWLWLWWWWW
1999,Melbourne,22,WLLWWLWLLLWLWLLLLLLLLL
1999,Port Adelaide,22,WWWLLLLWLLWLWWWWWLLWWL
1999,Richmond,22,LWLWLLLWWLLWWLWWLLLLLW
1999,St Kilda,22,LWLWLWWWWWLLLWLLWLLLLW
1999,Sydney,22,LLLWLWWWLWWWLLWLWLLWWL
1999,West Coast,22,WWWWWWLWWLLWWWLLLWLLLL
1999,Western Bulldogs,22,WLLLWLWWWWDWLWWWWLWWWW
2000,Adelaide,22,LLLLLWWWLLWWWWLLWLWLLL
2000,Brisbane Lions,22,LWLLWWLLWLWLWLWLWLWWWW
2000,Carlton,22,WWLLLWWWWWWWWWWWWWLLLW
2000,Collingwood,22,WWWWWLLLLLLLLLWLLLLLWL
2000,Essendon,22,WWWWWWWWWWWWWWWWWWWWLW
2000,Fremantle,22,LWLWLLWWLLLLWLWLWLLLWL
2000,Geelong,22,WWWLWWWLLDLWWLLWLWLWLW
2000,Hawthorn,22,LLWLWLWWWLLWLWLWLWLWWW
2000,Kangaroos,22,LLWWWWWLWWLWLWLWWWWLLW
2000,Melbourne,22,LWLWWLWWLWLLLWWWLWWWWW
2000,Port Adelaide,22,LLLWLLLLLDLLWWWLLWLLWW
2000,Richmond,22,WLLLWWLWWWWWLWLLLLWWLL
2000,St Kilda,22,LLDLLLLLLLWLLLLLWLLLLL
2000,Sydney,22,WWWLLLLLWLLLWLLWWLWWWL
2000,West Coast,22,WLDWLWLWLWWLLLLLLWLLLL
2000,Western Bulldogs,22,WLWWLLLLWWWWLLWWLLWWWL
2001,Adelaide,22,LLLWWLWWWWLLLWWLWLWWWL
2001,Brisbane Lions,22,LWLLWWWLLWWWWWWWWWWWWW
2001,Carlton,22,WLWLWLWWWWLWWLLWLWLWWW
2001,Collingwood,22,LWWLLWLWWLWWWLLLWLWLLW
2001,Essendon,22,WWLWWWWWWLWWWWWWLLWWWL
2001,Fremantle,22,LLLLLLLLLLLLLLLLLWLLLW
2001,Geelong,22,WWLLLLLWWLWLWWLWWLLLLL
2001,Hawthorn,22,WWWWWWWWLLLWLWLWWLWLLL
2001,Kangaroos,22,LLLWLLWWLWWLWWWLLLWLLL
2001,Melbourne,22,LWWLWWLLLWLLLLWLLWLWWW
2001,Port Adelaide,22,WLWWWWWLWWLLLWWLWWWWWW
2001,Richmond,22,WLWWWWLLLWWWWLLWWWLWWW
2001,St Kilda,22,WLLLLWLLLLLWLLLLLLLLLW
2001,Sydney,22,WWWLLLLLWWWLLWWWWWLLWL
2001,West Coast,22,LLWWLLLLLLLLWLLLLWWLLL
2001,Western Bulldogs,22,LWLWLLWWWLWWLLWWLLLWLL
2002,Adelaide,22,WWWLLWWLWWWLLLWWWWWLWW
2002,Brisbane Lions,22,WWWWLWWLWLWWWLWWWWWWWL
2002,Carlton,22,LLWLLLLLLLLLLWLLLLLLWL
2002,Collingwood,22,LWLWWWWWLWWLWWLWLWLLWL
2002,Essendon,22,WWLWLLWWWLLWWDLLWLLWWW
2002,Fremantle,22,LWLWLWLWLWLWLLLWLWLWLL
2002,Geelong,22,LLWWWLLLLWWWWWWWLLWLLL
2002,Hawthorn,22,LLWLWWWWLLLLWWWWLLWLLW
2002,Kangaroos,22,WWLLWLLWLWWLLWWWLWLWWL
2002,Melbourne,22,WWLWWLWLWLLWLWWLLLWWLW
2002,Port Adelaide,22,LLWWWWLWWWWWWWWLWWWWWW
2002,Richmond,22,WLWLLLWWLLLLLLLLLWWWLL
2002,St Kilda,22,WLLLDLLLWWLLLLLWWLLLLL
2002,Sydney,22,LWLWDWLLLLLLWLLLWLWWWW
2002,West Coast,22,WLWLWLWLWLWWWLWLWLLLLW
2002,Western Bulldogs,22,LLLLLWLWWWWWLDLLWWLLLW
2003,Adelaide,22,WLWWLWLLWWLWWWWLWWWLLL
2003,Brisbane Lions,22,WWDWWWLWWWLLWLWLLWWLWW
2003,Carlton,22,LLWLWLLWLLLWLLLLLLLLLL
2003,Collingwood,22,WWWLLLWLWLWLWWWWWWLWWW
2003,Essendon,22,LWLWWLLWLWLLWWLWWWWWWL
2003,Fremantle,22,LWLWLWWWWWLWLWLWLWWWLW
2003,Geelong,22,LLLWLLLLWLWLLWWLLLWDLW
2003,Hawthorn,22,LWLWLWLLLLWWWWLWLLWWWW
2003,Kangaroos,22,WWDLLLWLWWWWLLWLWLLLWW
2003,Melbourne,22,WLWLLLWLLLLLWWLLLLLLLL
2003,Port Adelaide,22,LLWWWWLWWWWWWLWWWWWWWW
2003,Richmond,22,LWWWWLWWLLLLLLLLWLLLLL
2003,St Kilda,22,LWLLWWWLLWWLLLLWLWWWWL
2003,Sydney,22,WLLLWWWWLWWWLWWWWLLWLW
2003,West Coast,22,WLWLWWWWWLDWWLWLWLLDWL
2003,Western Bulldogs,22,WLLLLLLLLLDLLLLWLWLLLL
2004,Adelaide,22,LLLLWLWLLWLLWWLLLWLWWL
2004,Brisbane Lions,22,WWWLWLWWLWWWLWWWWLLWWW
2004,Carlton,22,LWLLWLWLLLWWWLLWLLWLWW
2004,Collingwood,22,LWLLLLLLWWWLLWLLWWWLLL
2004,Essendon,22,LLWWWWWWLWWLLLWLLWLWLW
2004,Fremantle,22,WLWWWWLLWLLWLWLWWWLLLL
2004,Geelong,22,LLLWLWWWWLWWWLWWWWWWLW
2004,Hawthorn,22,WLLLLLLWLLLLLLLLLLWLWL
2004,Kangaroos,22,WWWLLLLWLLWLWWWLWLWLLL
2004,Melbourne,22,LWWWWWWLWLWWWLWWWWLLLL
2004,Port Adelaide,22,WWWLWWLLWWLWWWWWWLWWWW
2004,Richmond,22,WLLLLWWWLLLLLLLLLLLLLL
2004,St Kilda,22,WWWWWWWWWWLLWLLWWLWWLW
2004,Sydney,22,LWWWLLLLWWWLWWWLLWLWWW
2004,West Coast,22,WLLWLLLWLWLWLWWWLWWWWW
2004,Western Bulldogs,22,LLLWLWLLWLLWLLLLLLLLWL
2005,Adelaide,22,LWWWLWLLWWWLWWWWWWWWWW
2005,Brisbane Lions,22,WLLLLWLWLLWWWWWLWLWLLL
2005,Carlton,22,LWLDLWLLLLLLLLLLLWLWLL
2005,Collingwood,22,LLWLLLLLWWWLLWLLLLLLLL
2005,Essendon,22,LLWLWLLWLWLLWLLWLWLLWL
2005,Fremantle,22,WLLLWWWLLWLLLLWWWWWLWL
2005,Geelong,22,WLLWWWWWWLLWLWLWLLLLWW
2005,Hawthorn,22,LLLWLLLWWLLLLLLLWLLWLL
2005,Kangaroos,22,WWWWWLLLLWLWWWLWLWWLLW
2005,Melbourne,22,WWWLWLWLWWWWLLLLLLLWWW
2005,Port Adelaide,22,LWLDLLWLWLWWWLWLWLWLWW
2005,Richmond,22,LWWWLWWWWLLLLWWLLLLLWL
2005,St Kilda,22,LWLWWWLLLWLWLWWWWWWWLW
2005,Sydney,22,WLWLLLWWWLWWWLWWWLWWWW
2005,West Coast,22,WWWWWWWWLWWWWWWWLWLWLL
2005,Western Bulldogs,22,WLLLWLWWLLWLWLLLWWWWLW
2006,Adelaide,22,WLWWWWWLWWWWWWWWLWLLLW
2006,Brisbane Lions,22,LWLLLLWWWLLLWLWWLLLLLL
2006,Carlton,22,WLLLLLWLLLLLLLLDLWLLLL
2006,Collingwood,22,LWWWWWLWWWLWLLLWWLLWWW
2006,Essendon,22,WLLLLLLLLLLLLLLDWLWLLL
2006,Fremantle,22,LWWLWWLWLWLLLWWWWWWWWW
2006,Geelong,22,WWLLLLWLLLWWLWWWLWLWDL
2006,Hawthorn,22,WLWWWLLLLLLWLLLLLLWWWW
2006,Kangaroos,22,WLLLLWLLLLLWWWLLWWLLLL
2006,Melbourne,22,LLLWWWWWLWWWWWWLWLLWDL
2006,Port Adelaide,22,LWLWLLLLWWWWLLLLLLWLWL
2006,Richmond,22,LLLWWWLWWLWLWWLLLLWWWL
2006,St Kilda,22,LWWLLWLWWLWLWWWWWLWLWW
2006,Sydney,22,LLWLWWWWWWLLWLLWWWWLWW
2006,West Coast,22,WWWWWLWWWWWLLWWLWWWWLW
2006,Western Bulldogs,22,WWWWLLWLLWWWWLWLLWLWLW
2007,Adelaide,22,LWWWLLWWWLLWLWLLLWLWWW
2007,Brisbane Lions,22,WWLLWWLLLDLLLWWWWWLDLL
2007,Carlton,22,WLWLLLLLLWWLLLLLLLLLLL
2007,Collingwood,22,WLWLWWWLWWLWLWLWLWLWWL
2007,Essendon,22,WWLWLLLWWWWLWLLLWLLWLL
2007,Fremantle,22,LLLWWLWLWLWLWLLWLWWLWL
2007,Geelong,22,LWWLLWWWWWWWWWWWWWWWLW
2007,Hawthorn,22,LWWWLWLWWWLWWLWLLWWLWL
2007,Kangaroos,22,LLLWWWWWWLWLWWWWWLLLWW
2007,Melbourne,22,LLLLLLLLLWWLLWLLLLWLLW
2007,Port Adelaide,22,WWLWWWWLLLLWWLWWWLWWWW
2007,Richmond,22,LLLLLLLLLDLWLLLLLLWLWL
2007,St Kilda,22,WLWLLWWLLLLWWLWWWDLWLW
2007,Sydney,22,LWWLWLLWWLWLLWWLWWWDLW
2007,West Coast,22,WWWWWWLWLWLLWLLWWLWWWW
2007,Western Bulldogs,22,WLLWWLWWLLWWLWWLLDLLLL
2008,Adelaide,22,LWWLWWWWLWWLLLLLWWWWLW
2008,Brisbane Lions,22,LWLWLWLWWWWLWLLWLLLWLL
2008,Carlton,22,LLLWWLWLWLWWLWLLWLWLWL
2008,Collingwood,22,WLWLLWLWWWWLLWWLLLWWWL
2008,Essendon,22,WLWLLLLLLLLWWWWLWWLLLL
2008,Fremantle,22,LLWLLLLLLLLWLLLWWWLLLW
2008,Geelong,22,WWWWWWWWLWWWWWWWWWWWWW
2008,Hawthorn,22,WWWWWWWWWLWWLWWLLWWLWW
2008,Melbourne,22,LLLLLLWLLLLLLWLLLLLWLL
2008,North Melbourne,22,LWLWWDLWWLLLWLWWWWWWLL
2008,Port Adelaide,22,LLLLWWWLLWLLLLLWLLLLWW
2008,Richmond,22,WLLWDLLLWLLWWLWWWLLWWW
2008,St Kilda,22,WWLLWLWLLWLLWWWWLWLWWW
2008,Sydney,22,LWWWLDLWWWWWWLLWLLWLLW
2008,West Coast,22,WLLLLLLLWLLLLLLLWLWLLL
2008,Western Bulldogs,22,WWWWDWWWLWWWWWWLLWLLWL
2009,Adelaide,22,WLWLWLLLWWWWWWWLWLLWWW
2009,Brisbane Lions,22,WLWLLWWWLWLWWLWWWLDLWW
2009,Carlton,22,WWLLWLLWLWWLLWWWLWWWWL
2009,Collingwood,22,LWLWLWLLWWWWWWWLWWWWWL
2009,Essendon,22,LWWLWLWLWLLWWLWLLLDWLW
2009,Fremantle,22,LLLLWWWLLLLLLLLLWLWLWL
2009,Geelong,22,WWWWWWWWWWWWWLLWWWLWLW
2009,Hawthorn,22,LLWLWWLWWLWLLLWWLLLLWL
2009,Melbourne,22,LLLWLLLLLLLLLWWLLLLWLL
2009,North Melbourne,22,WLLWLLWLWLLLLLLDLLWLWW
2009,Port Adelaide,22,WLWWLWLWLLWLLWLWLWLLLL
2009,Richmond,22,LLLLWLLLLWLWLLLDWWLLLL
2009,St Kilda,22,WWWWWWWWWWWWWWWWWWWLLW
2009,Sydney,22,LWLWLWLWWLLLLWLLWLWLLL
2009,West Coast,22,LWLWLLWLLLLLWLLLLWWWLW
2009,Western Bulldogs,22,WWWLLLWWLWWWWWLWLWLWWW
2010,Adelaide,22,LLLLLLWLWLWLWWWWLLLWLW
2010,Brisbane Lions,22,WWWWLLLLLWLLLLLLLLWLWL
2010,Carlton,22,WLLWWLWWLWWLLWLLWLWWLL
2010,Collingwood,22,WWLWWWWWLLWDWWWWWWWWWL
2010,Essendon,22,LLWLLWLWWWLLLLLLWWLLLL
2010,Fremantle,22,WWWLWWWLWWLLWWLWLWLLLW
2010,Geelong,22,WWLWLWWWWWWWLWWLWWLWWW
2010,Hawthorn,22,WLLLLLLWWWWWWWLWDLLWWW
2010,Melbourne,22,LLWWWLLLWLLDLLWLWWWLLL
2010,North Melbourne,22,LLWLWWLWLLWWWLLWLLWLWW
2010,Port Adelaide,22,WWLLWWWLLLLLLLLLWWLWWW
2010,Richmond,22,LLLLLLLLLWLWWWWLLWLLLL
2010,St Kilda,22,WWWWLWLLWWWWWWWLDLWWWL
2010,Sydney,22,LWWWWWLLLLWWLLWWLLWWWW
2010,West Coast,22,LLLWLLWWLLLLLLLWLLLLLL
2010,Western Bulldogs,22,LWWLWLWWWLLWWLWWWWWLLW
2011,Adelaide,24,WBLLLWLWLLLLLLWBLLWWLWLL
2011,Brisbane Lions,24,LLLBLLLLWWLLLLWLLLBLWLLL
2011,Carlton,24,WWLDWWWBLWWWWLWLLWWWWLBL
2011,Collingwood,24,WWWWWWBLWWWWBWWWWWWWWWWL
2011,Essendon,24,WLWDLWWWLBLLLLWWWLLWWLWB
2011,Fremantle,24,WLWWWBLLWLLWLWWBWLLLLLLL
2011,Geelong,24,WWWWWBWWWWWWWWLLWWWWWBLW
2011,Gold Coast,24,BLLLWLWLBLLLLLLLWLLLLLLL
2011,Hawthorn,24,LWWWLBWWWWWLWWLWBWWWWWWW
2011,Melbourne,24,DLWWBLWLLLWLWWLBWLLLLLWL
2011,North Melbourne,24,LLBLLWLWLLWWWWLLWWLLBWLW
2011,Port Adelaide,24,LLLWLLLLLWLBLLLLLBLLLLLW
2011,Richmond,24,LDLLWWWLWLBLWLLLLLBLWWWL
2011,St Kilda,24,LDLBWLLLWWLWLBWWWWWWLLWW
2011,Sydney,24,DWWLBLWWLWWWLLLWLWBLLWWW
2011,West Coast,24,WWLLBWLWWLWWWWBWLWWWWWWW
2011,Western Bulldogs,24,LWWBLLLWLLLLWWWWLLLBLWLW
2012,Adelaide,23,WWLWWWWWLWBWLWWWWLWWLWW
2012,Brisbane Lions,23,WLLWLLLWLWBLWWLLWLLLWWW
2012,Carlton,23,WWWLWWLLWLLLBLWLWWLWWLL
2012,Collingwood,23,LWLWWWWWWWWBWWLWLWWWLLW
2012,Essendon,23,WWWWLWWWWLLBWWLWLLLLLLL
2012,Fremantle,23,WLWWLWWLLLWBLLWWWWWLWWW
2012,Geelong,23,LWLWWWLLWWWBLWWLWWWLWWW
2012,Gold Coast,23,LLLLLLLLLLLLBLLWLLLWLWL
2012,Greater Western Sydney,23,LLLLLLWLLLBLLLLLLLWLLLL
2012,Hawthorn,23,WLWLLWWWLWWWBWWWWWLWWWW
2012,Melbourne,23,LLLLLLLLLWLBWLLLLLWLWLL
2012,North Melbourne,23,LWWLWLLLWLBWWWLWWWWWWLW
2012,Port Adelaide,23,WLLLLLLWWWLLBLLLWLLLLLD
2012,Richmond,23,LLWLLWWLWWLWBLWLLLWWLWD
2012,St Kilda,23,LWWLWLWLWLWLBLWWLWLWLWW
2012,Sydney,23,WWWWWLLWLWWBWWWWWWWLWLL
2012,West Coast,23,WWWWWWLWWLBWLWWLLWLWWWL
2012,Western Bulldogs,23,LLLWWLWWLLBWLLLLLLLLLLL
2013,Adelaide,23,LWLWLLWWWLLLBWLLWLLWLWW
2013,Brisbane Lions,23,LLWLWLLWLLBLWLWWWLWLWWL
2013,Carlton,23,LLLWWWLWWWLLBLLWWWLLWLW
2013,Collingwood,23,WWLWLWLWLWWWBLWWLWWWLWL
2013,Essendon,23,WWWWWWLLWLWWBWWWWLLLLWL
2013,Fremantle,23,WWLLWWWDWWBWWLWWLWWWWWL
2013,Geelong,23,WWWWWWWLWWWBLWWWLWLWWWW
2013,Gold Coast,23,WLLLWLWWLLWLBLLLWLLWLLW
2013,Greater Western Sydney,23,LLLLLLLLLLLLBLLLLLWLLLL
2013,Hawthorn,23,LWWWWWWWWWBWWWLWWWLWWWW
2013,Melbourne,23,LLLWLLLLLLLBLWLLLLLLLLL
2013,North Melbourne,23,LLLWLWWLLWLBLWWLLWWLWLW
2013,Port Adelaide,23,WWWWWLLLLLBWWWLLWWWLWLL
2013,Richmond,23,WWWLLLWWLWBWWWLWWLWWLWW
2013,St Kilda,23,LLWLLLWLLLLBWLLLLLLLLWW
2013,Sydney,23,WWWLWWLDWWWBLWWWWWWLWLL
2013,West Coast,23,LLWLLWWWWLWBLLWLLLWWLLL
2013,Western Bulldogs,23,WLLLLLLLWWBLLLWLLWLWWLW
2014,Adelaide,23,LLLWWWLBWLWLWLWWLWLWLLW
2014,Brisbane Lions,23,LLLLLWLLLBWWLLWLLWWLWLL
2014,Carlton,23,LLLLWWLWBWLLLLLWLWLWLLD
2014,Collingwood,23,LWLWWWWBLWWWLLWLLLWLLWL
2014,Essendon,23,WLWLLLWWLBWWLWLWWWLLWWD
2014,Fremantle,23,WWLWLLWLWBWWWWWWWLWLWWW
2014,Geelong,23,WWWWWLWBLWLWWLWWWWWWWLW
2014,Gold Coast,23,WLWLWWWBWWLLLWLWLLWLLLL
2014,Greater Western Sydney,23,WLWLLLLLBLLLWWLLLLLLWLW
2014,Hawthorn,23,WWWWLWWLBLWWWWWLWWWWLWW
2014,Melbourne,23,LLLWLLWLWBLLWLLLLLLLLLL
2014,North Melbourne,23,LWWWLWLBWLWWLWLWWLLWWWW
2014,Port Adelaide,23,WWLWWWWWBWWWLWLLLWLLWWL
2014,Richmond,23,LWLLWLLBLWLLLLWWWWWWWWW
2014,St Kilda,23,WWLLWLLLLBLLLLLLLWLLLLL
2014,Sydney,23,LLWLWWWWWBWWWWWWWLWWWWL
2014,West Coast,23,WWWLLLLWBLLLWWLLWLWWLWW
2014,Western Bulldogs,23,LLWWLLLWBLLLWLWLWLLWLLL
2015,Adelaide,23,WWWLLWWLLWBLWBLWWLWWWWL
2015,Brisbane Lions,23,LLLLLWWLLLBLLLLLLLLWLLW
2015,Carlton,23,LLLWLLLLLLBWWLLLLLLLWLL
2015,Collingwood,23,WLWWWLLWWWWBLLLLLLWLLWL
2015,Essendon,23,LWWLWLLWLLLBLLWLLLLLLLW
2015,Fremantle,23,WWWWWWWWWLWBWWLWWWWLLWL
2015,Geelong,23,LLWLWWLWLWWLBBLWWWWLDLW
2015,Gold Coast,23,LLLLWLLLLLLBLWLLLDWLWLL
2015,Greater Western Sydney,23,WWLWLWWWLWLLBLWWLLWLLWL
2015,Hawthorn,23,WLWLWLWLWWBWWWWWWLWWLWW
2015,Melbourne,23,WLLWLLLWLLLWBLLWLWLLLLW
2015,North Melbourne,23,LWLWLWWLLWLWBLWWWWWWWLL
2015,Port Adelaide,23,LLWWWLLLWWLLBLWLWWLWWWW
2015,Richmond,23,WLWLLLWWWWBLWWWWLWLWWWW
2015,St Kilda,23,LWLLLWLLWLWBLWLLWLLLDLL
2015,Sydney,23,WWWLLWWWWWWBLWWLLWLWWWW
2015,West Coast,23,LWLWWWWWWLWWBWWWWDLWWLW
2015,Western Bulldogs,23,WWLWWLLLWLBWWWWLWWWWLWL
2016,Adelaide,23,LWWWLWLLWWWWBWWWWLWWWWL
2016,Brisbane Lions,23,LLLWLLLLLLLLLLBLLWLLWLL
2016,Carlton,23,LLLLWWWWLWWLBLLLLLLLLWL
2016,Collingwood,23,LWLLWLLWWLLLBWWWLLWLLWL
2016,Essendon,23,LWLLLLLLLLLLLBLLLLLLWLW
2016,Fremantle,23,LLLLLLLLLLWWWLBLLLLLLLW
2016,Geelong,23,WLWWWWWWLLWWWLBLWWWWWWW
2016,Gold Coast,23,WWWLLLLLLLLLBLWWLWLLLLL
2016,Greater Western Sydney,23,LWLWWWWWWLLWWWBLWWWWLWW
2016,Hawthorn,23,LWWWWLWWLWWWWWBWWWWLWLW
2016,Melbourne,23,WLLWWLWLWLLWLBLWLLWWWLL
2016,North Melbourne,23,WWWWWWWWWLWLLLBLLWWLLLL
2016,Port Adelaide,23,WLWLLWWLLWWLLBWLWLWLLLW
2016,Richmond,23,WLLLLLLWWWLWBWLLWLLWLLL
2016,St Kilda,23,LLWLLWLLWWLWBWLWWWLWLWW
2016,Sydney,23,WWWLWWWLWWWLWBLWLWWWWWW
2016,West Coast,23,WLWWLWLWWWLLWBWWWWLWWWW
2016,Western Bulldogs,23,WWLWWLWWLWWWLBWWWLLWWWL
2017,Adelaide,23,WWWWWWLLWWLWBLWWWWDWWLL
2017,Brisbane Lions,23,WLLLLLLLLLBWLLWLLWLLWLL
2017,Carlton,23,LLWLLWWLLLBWWLLLLLLLLWL
2017,Collingwood,23,LLWLLWLLWWWLBLLLWWDWLLW
2017,Essendon,23,WWLLWLLWWLLWBLLWWWLWLWW
2017,Fremantle,23,LLWWWLWWWLLLBLLWLLLWLLL
2017,Geelong,23,WWWWWLLLWWWBLWDWWLWLWWW
2017,Gold Coast,23,LLWWLLWLBLWWLLWLLLLLLLL
2017,Greater Western Sydney,23,LWWWWWLWWWWLBWDDLLWWWWL
2017,Hawthorn,23,LLLLWLWWLWLLBWWDLWWLWLW
2017,Melbourne,23,WWLLLWLWLWBWWWLWLWLLWWL
2017,North Melbourne,23,LLLLLWWLWWLBLLLLLLWLLLW
2017,Port Adelaide,23,WWLLWWLWBLWLWWLWWLWLWWW
2017,Richmond,23,WWWWWLLLLWWBLWWLWWWWLWW
2017,St Kilda,23,LLWWLWWWLLBLWWWWLLLWLWL
2017,Sydney,23,LLLLLLWWWLBWWWWWWWLWWWW
2017,West Coast,23,WWLWLWWWLLLBWLWLWLWLWLW
2017,Western Bulldogs,23,WWLWWLWLLWBLLWLLWWWWLLL
2018,Adelaide,23,LWWLWWWLWLLLLBWLWWLWLWW
2018,Brisbane Lions,23,LLLLLLLLWLLLBLWWWLLLLWL
2018,Carlton,23,LLLLLLLWLLLBLLLLLLWLLLL
2018,Collingwood,23,LLWWWLWLWWWWBWWWLWLLWWW
2018,Essendon,23,WLLWLLLLWWLWBWWLWWWLWLW
2018,Fremantle,23,LWWLWLLWLLLWWBLLWLLLWLL
2018,Geelong,23,WLLWWLWWLWWWLBLWLWWLLWW
2018,Gold Coast,23,WWLLWLLLLBLLLLLLLWLLLLL
2018,Greater Western Sydney,23,WWLWDWLLLLWWBWWLWWWWWLL
2018,Hawthorn,23,WWLWLWWLLLWBWWLWLWWWWWW
2018,Melbourne,23,LWWLLWWWWWWLBLLWWLWWLWW
2018,North Melbourne,23,LWLWWLWLWWWLBWLWLLWWLLW
2018,Port Adelaide,23,WWWLLWLWWBLWWWWWLLWLLLL
2018,Richmond,23,WLWWWWWWLWWLWBWWLWWWWWW
2018,St Kilda,23,WLLLDLLLLLLLWBWLWLLLLLL
2018,Sydney,23,WLWWLWLWWWWWWBLLWLLWWWL
2018,West Coast,23,LWWWWWWWWWWBLLLWWWLWWLW
2018,Western Bulldogs,23,LLWLLWWWLLLBLLWLLLLWWWL
2019,Adelaide,23,LWLLWWWWLLWWWBLLWLLWLLL
2019,Brisbane Lions,23,WWWLLWWLWLWLBWWWWWWWWWL
2019,Carlton,23,LLLLWLLLLLLWLBWLWWWLLWL
2019,Collingwood,23,LWLWWWWWWWLWBWLLWLLWWWW
2019,Essendon,23,LLWWWLLLWLWBWLWWWWWLLWL
2019,Fremantle,23,WLWLWWLLLWWBWLLLLWLWLLL
2019,Geelong,23,WWWLWWWWWWWWBLWLWLWLWLW
2019,Gold Coast,23,LWWWLLLLLLLLLBLLLLLLLLL
2019,Greater Western Sydney,23,WLWWLWWLWWWLWBLLLWWWLLW
2019,Hawthorn,23,WLWLLWLWLWLBLLLWWWLLWWW
2019,Melbourne,23,LLLWLLWWLLLLBWLWLLLLLLL
2019,North Melbourne,23,LLLWLLWLLWWWLBWWLLLWLWW
2019,Port Adelaide,23,WWLLWWLLWLWBLWLWLLLWWLW
2019,Richmond,23,WLLWWWLWWWLLLBWWWWWWWWW
2019,St Kilda,23,WWLWWLLLLWLBWLLLLWWLWLL
2019,Sydney,23,LLWLLLLWWLLWBWWLLLLLLWW
2019,West Coast,23,LWWWLLWWWWWLBWWWLWWWWLL
2019,Western Bulldogs,23,WWLLLLWWLLLBWLWWWLWLWWW
2020,Adelaide,18,LLLLLLLLLLLLLBWWWL
2020,Brisbane Lions,18,LWWWWLWWWLWWWBWWWW
2020,Carlton,18,LLWWLWLWLBLWWLLWLL
2020,Collingwood,18,WDWLLWWLLWWLWWLBWL
2020,Essendon,18,WWBLWWLWLLDLLWLLLL
2020,Fremantle,18,LLLLWWLLWBWLWLLWWL
2020,Geelong,18,LWLWWWLWLWWWWWBWLW
2020,Gold Coast,18,LWWWLLWLLLDLLWBLLL
2020,Greater Western Sydney,18,WLLWWLLWWWBLLWWLLL
2020,Hawthorn,18,WLWWLLLLWBLLLLLLLW
2020,Melbourne,18,LWBLLWWLLWWWLWLLWW
2020,North Melbourne,18,WWLLLLLLWLLLLLBLLL
2020,Port Adelaide,18,WWWWLWWLWWWLWWBWWW
2020,Richmond,18,WDLLWWWLWWLWWWWBWW
2020,St Kilda,18,LWLWWLWWWWLWLLBWLW
2020,Sydney,18,WLWLLLLWLLBWLLWLLL
2020,West Coast,18,WLLLWWWWWBWWWLWLWW
2020,Western Bulldogs,18,LLWWWLWWLLLWWLBWWW
2021,Adelaide,23,WLWWLLLLLWLLWBLLLLWLLLW
2021,Brisbane Lions,23,LLWLWWWWWWWLBWWWLLWLWWW
2021,Carlton,23,LLWWLLWLLWLLBLWWLWLWLLL
2021,Collingwood,23,LWLLLLLWLLLWWBLLWLLWLLL
2021,Essendon,23,LLWLLWLLWWWLBWLLWWLLWWW
2021,Fremantle,23,LWLWWWLLLWLLWBWLWLLWLWL
2021,Geelong,23,LWWLWWLWWWWBWWLWWWWWLWL
2021,Gold Coast,23,LWLLLWWLLLWBLLLWWLLLWLL
2021,Greater Western Sydney,23,LLLWWLWWLWLBDWLWLLWLWWW
2021,Hawthorn,23,WLLLLWLLLLLBWLWLLDLWWWD
2021,Melbourne,23,WWWWWWWWWLWWLBWLWDLWWWW
2021,North Melbourne,23,LLLLLLLLWLLBDLWLWLWLLLL
2021,Port Adelaide,23,WWLWWWLWLWWBLWWWLWWWWWW
2021,Richmond,23,WWLLWLWLWLWWLBLLLWLLWLD
2021,St Kilda,23,WLLWLLWWLLWLLBWWWLLLWLW
2021,Sydney,23,WWWWLLWLWLWWLBLWWWWWLWW
2021,West Coast,23,WLWLWLWWWLLWWBLLLWWLLLL
2021,Western Bulldogs,23,WWWWWWLWWWLWBLWWLWWWLLL
2022,Adelaide,23,LLWLWWLLLLLWBLWLLLLWWWL
2022,Brisbane Lions,23,WWWLWWWWWLWLWBLWLWWLWWL
2022,Carlton,23,WWWLWLWWWWLBWLWLWLWLLLL
2022,Collingwood,23,WWLLLWWLLWWWWBWWWWWWWLW
2022,Essendon,23,LLLWLLLWLLLBLWLWWWLWLLL
2022,Fremantle,23,WLWWWWWWLLWWWBLWWLDLWWW
2022,Geelong,23,WLWWLWLWLWWWBWWWWWWWWWW
2022,Gold Coast,23,WLLWLLLWWLWWBWLLWLLWLLW
2022,Greater Western Sydney,23,LLWLLLWLLWLBWLLWLLLLWLL
2022,Hawthorn,23,WWLLWLLLLWLLLBLLWWWLWLL
2022,Melbourne,23,WWWWWWWWWWLLLBWWLWLWLWW
2022,North Melbourne,23,LWLLLLLLLLLLLBLLLWLLLLL
2022,Port Adelaide,23,LLLLLWWWWLWBLWWLWLLLLWW
2022,Richmond,23,LWLWLLWWWWLBWWLWLLDWWWW
2022,St Kilda,23,LWWWWWLLWWWBLLLWLLWWLLL
2022,Sydney,23,WWLWWWLLWLWWBLWLWWWWWWW
2022,West Coast,23,LLLWLLLLLLLLBLWLLLLLLLL
2022,Western Bulldogs,23,LLWLWLWLWWWLBWWLLWWLLWW
2023,Adelaide,24,LLWWWWLLWLWLWBLWLLLWWLLW
2023,Brisbane Lions,24,LWLWWWWWWWLBLWWWWLWLWWWW
2023,Carlton,24,DWWWLLWLLLLLLWBWWWWWWWWL
2023,Collingwood,24,WWWLWWWWWWWWLBWWWWWLLWLW
2023,Essendon,24,WWLWWLLLLWWWWBLLWLLLWWLL
2023,Fremantle,24,LLWLWLLWWWWBLLWLLLLWLWLW
2023,Geelong,24,LLLWWWWWLLLWBLWDWWLLWLLL
2023,Gold Coast,24,LLWLLWWLWLWWBLWLLWLWLLLL
2023,Greater Western Sydney,24,WLLLWLWLLLWLWWBWWWWWLLWW
2023,Hawthorn,24,LLWLLLLLLWWLWBLLLWLLWWLL
2023,Melbourne,24,WLWWLWWWWLLWWBLLWWWWWLWW
2023,North Melbourne,24,WWLLLLLLLLLLLLBLLLLLLLLW
2023,Port Adelaide,24,WLLWWWWWWWWWWWBWWLLLLWWW
2023,Richmond,24,DWLLLLLWWLLWWWBLWWWLLLWL
2023,St Kilda,24,WWWWLWLWLWLBWLLWLLWWLWWL
2023,Sydney,24,WWLLWLLLLWWBLLWDLWWWWWWL
2023,West Coast,24,LWLLLLLLLLLLLBLLLLLWLLWL
2023,Western Bulldogs,24,LLWWLWWWWWLLLWBWLLWLWLLW
2024,Adelaide,25,BLLLLWLWWDLWLLLBWLWWLLWLL
2024,Brisbane Lions,25,LLBLWWLLWDWLBWWWWWWWWWLLW
2024,Carlton,25,WWBWWLWLLWLWWWBWWLLWLLLWL
2024,Collingwood,25,LLLWWBWDWWWDLWWBLLLLWWLWW
2024,Essendon,25,BWLWLWWDWWWWLLBWLWLLLWLLL
2024,Fremantle,25,BWWWLLLWWLWDWBLWWWLWWLLLL
2024,Geelong,25,BWWWWWWWLLLLWLBLWWWLWWWLW
2024,Gold Coast,25,WWLBLWLWLWWLWLBLWLWLLLWLW
2024,Greater Western Sydney,25,WWWBWWLWLLLWBLWLLWWWWWWWL
2024,Hawthorn,25,BLLLLLWLWWLWWWWBWLWWWLWWW
2024,Melbourne,25,LWWWWLBWWLLWLLBWLWWLLLLWL
2024,North Melbourne,25,BLLLLLLLLLLLBWLLLWLLLWLLL
2024,Port Adelaide,25,BWWLWWLWLWWWLBLLWWLWWWWWW
2024,Richmond,25,LLLWLLBLLLLLLWLBLLLLLLLLL
2024,St Kilda,25,BLWLWLLLWLLLWWLBLWLWWLWWW
2024,Sydney,25,WWWLWBWWWWWWBWWWLLWLLLWWW
2024,West Coast,25,BLLLLWWLLLWLLLBLLLLLLWWLL
2024,Western Bulldogs,25,BLWWLLWLLWWLWLWBWLWWWWLWW
2025,Adelaide,25,BWWWLLWLWWLWWWLBWWWWWWWWW
2025,Brisbane Lions,25,WWWBWWLWWDLWWLLWBWWWLWLWW
2025,Carlton,25,BLLLLWWWLWLLBWWLLLLWLLLWW
2025,Collingwood,25,LWWBWWWWLWWWWWBWWWLLWLLLW
2025,Essendon,25,LLLWBWWLWWLWLLLLBLLLLLLLL
2025,Fremantle,25,BLLWWWLWLLWWWBWWWLWWWWWLW
2025,Geelong,25,LWLBWWWLWLWWWWWLBWLWWWWWW
2025,Gold Coast,25,WWBWWWLWLWWWLLBLWWWLWWWLL
2025,Greater Western Sydney,25,WWBLWWLLLWLWWLWWBWWWWLWWW
2025,Hawthorn,25,WWWWBLLWWWLLLWWBWWLWWLWWL
2025,Melbourne,25,BLLLLLWWWLWWLLLBLLWLLWLLL
2025,North Melbourne,25,BLWLLLLLLDWLBWLWLLLLLLLWL
2025,Port Adelaide,25,BLWLLWWWLLLLBWWLWLWLLLLLW
2025,Richmond,25,BWLLLLWLLWLLLLBLLLWWLLLLL
2025,St Kilda,25,BLWWWLLLWLLLWBLLLLLLWWWWL
2025,Sydney,25,LLWBWLLLWLWLLWBWLWWWLWWLW
2025,West Coast,25,BLLLLLLLLLWLLLLBLLLLLLLLL
2025,Western Bulldogs,25,BWLWLLWWWLWLBLWWWWLLWWWWL
